Workbook

Sheet Rezumat
A1: UBite — camere pentru coada cantinei, piața din România
A2: Prețuri verificate pe 25.09.2026 (eMAG, compari.ro, Rovision). Prețurile de marketplace variază — reverifică înainte de comandă.
A4: Cum lucrăm | B4: Camera doar filmează. Serverul UB (VM-ul ACC-UB) ia imaginea, rulează detecția de persoane și păstrează doar un număr (docs/07, docs/11). Nicio imagine nu se salvează.
A5: Ce contează la cameră | B5: Imagine de calitate la cadență mică: rezoluție 4–8 MP, WDR real 120 dB (ferestre în spatele cozii), senzor mare pentru lumină slabă, RTSP + ONVIF (Profile S) și snapshot JPEG, H.265, alimentare PoE, cadență setabilă la 1–5 fps.
A6: Ce NU mai contează | B6: Numărarea în firmware (opțiunea A din docs/23) nu mai e necesară — procesarea e pe server. Nici NVR, nici card, nici aplicații cloud.
A7: Recomandarea 1 | B7: Uniview IPC3618LE-ADF28K-G — 8 MP, WDR 120 dB, ~452 lei. Cel mai bun raport calitate/preț.
A8: Recomandarea 2 | B8: Hikvision DS-2CD2383G2-IU — 8 MP, senzor 1/2.8", 107°, ~820–940 lei. Seria Pro, cea mai bine documentată pentru integrare.
A9: Dacă montajul e departe de coadă | B9: Uniview IPC3235SB-ADZK-I0 (5 MP, zoom motorizat, lumină slabă foarte bună, ~879 lei) sau varianta ieftină IPC3534LB-ADZK-H (~450 lei).
A10: Dacă IT UB cere un brand european | B10: Axis M3086-V — de la ~1.705 lei. Firmware fără cloud, actualizări pe termen lung.
A11: Cost total, o cameră | B11: Vezi foaia „Scenarii”: de la ~447 lei (test) la ~1.866 lei (premium), cu injector PoE și 30 m de cablu.
A12: Rețea — de lămurit înainte de comandă | B12: Camera trebuie să fie pe un cablu (nu Wi-Fi) și să poată fi accesată de pe VM-ul UB: aceeași rețea UB sau o regulă de firewall/VPN (întrebarea C5 din docs/17). Vezi foaia „Rețea și întrebări”.
A13: Cine cumpără | B13: DCCAS (docs/14, docs/17 B1). Trimite-le foaia „Camere” cu recomandările marcate.

Sheet Camere
A1: Camere IP disponibile în România
A2: Verificat 25.09.2026. „Potrivire” = cât de bine servește coada cantinei cu procesare pe server (1–5).
A4: # | B4: Nivel | C4: Brand | D4: Model | E4: Formă | F4: Rezoluție max | G4: MP | H4: Senzor | I4: Obiectiv (mm) | J4: Unghi orizontal (°) | K4: WDR | L4: Codec | M4: RTSP / ONVIF | N4: Alimentare | O4: Microfon | P4: Preț găsit (lei, cu TVA) | Q4: Unde | R4: Link | S4: Potrivire (1–5) | T4: Lei / MP | U4: Note
A5: 1 | B5: Recomandat | C5: Uniview | D5: IPC3618LE-ADF28K-G | E5: Eyeball (turret) | F5: 3840×2160 @20 fps | G5: 8 | H5: 1/2.7" | I5: 2.8 | J5: ~113 | K5: 120 dB (real) | L5: Ultra 265 / H.265 / H.264 | M5: Da / Da | N5: PoE 802.3af | O5: Da — se dezactivează | P5: 452.19 | Q5: eMAG | R5: deschide | S5: 5 | T5: =P5/G5 | U5: Cel mai bun raport calitate/preț: 4K cu WDR real sub 500 lei. La 8 MP oamenii din capătul cozii au destui pixeli; serverul poate rula modelul la 1280 px sau pe tile-uri.
A6: 2 | B6: Recomandat | C6: Hikvision | D6: DS-2CD2383G2-IU (2.8mm) | E6: Turret | F6: 3840×2160 @20 fps | G6: 8 | H6: 1/2.8" | I6: 2.8 | J6: 107 | K6: 120 dB (real) | L6: H.265+ / H.265 / H.264 | M6: Da / Da (ONVIF S, G, T) | N6: PoE 802.3af | O6: Da — se dezactivează | P6: 937.76 | Q6: eMAG | R6: deschide | S6: 5 | T6: =P6/G6 | U6: Seria Pro AcuSense, senzor 1/2.8", unghi 107°. Varianta DS-2CD2383G2-IUB2 apare la 819,17 lei. Firmware și ISAPI documentate — snapshot JPEG simplu de tras de pe server.
A7: 3 | B7: Recomandat | C7: Uniview | D7: IPC3235SB-ADZK-I0 | E7: Dome (motorizat) | F7: 2880×1620 @25 fps | G7: 5 | H7: 1/2.7" | I7: 2.7–13.5 | J7: 98.3–31.4 | K7: 120 dB (real) | L7: Ultra 265 / H.265 / H.264 / MJPEG | M7: Da / Da | N7: PoE 802.3af | O7: Microfon integrat — verifică / dezactivează | P7: 878.99 | Q7: eMAG | R7: deschide | S7: 5 | T7: =P7/G7 | U7: LightHunter (lumină slabă foarte bună) + zoom motorizat: încadrezi exact coada din browser după montaj, fără să urci pe scară. Dome IK10, se poate monta pe tavan.
A8: 4 | B8: Bun | C8: Hikvision | D8: DS-2CD2143G2-IU (2.8mm) | E8: Dome | F8: 2688×1520 @30 fps | G8: 4 | H8: 1/3" | I8: 2.8 | J8: 103 | K8: 120 dB (real) | L8: H.265+ / H.265 / H.264 | M8: Da / Da (ONVIF S, G, T) | N8: PoE 802.3af | O8: Da — se dezactivează | P8: 435.6 | Q8: eMAG | R8: deschide | S8: 4 | T8: =P8/G8 | U8: Modelul din docs/23. Suficient dacă coada are sub ~6 m. Alte oferte: de la 603,19 lei pe compari.ro; varianta -IS la Rovision 823,99 lei.
A9: 5 | B9: Bun | C9: Hikvision | D9: DS-2CD2743G2-IZS | E9: Dome (motorizat) | F9: 2688×1520 @30 fps | G9: 4 | H9: 1/3" | I9: 2.8–12 | J9: 95.8–29.2 | K9: 120 dB (real) | L9: H.265+ / H.265 / H.264 | M9: Da / Da (ONVIF S, G, T) | N9: PoE 802.3af | O9: Nu (doar intrare audio) | P9: 1228.55 | Q9: eMAG | R9: deschide | S9: 4 | T9: =P9/G9 | U9: Zoom motorizat 2.8–12 mm: bun dacă singurul loc de montaj e departe de coadă. Fără microfon — un argument în plus pentru DPO.
A10: 6 | B10: Bun | C10: Uniview | D10: IPC3534LB-ADZK-H | E10: Dome (motorizat) | F10: 2560×1440 @30 fps | G10: 4 | H10: 1/3" | I10: 2.8–12 | J10: 86.3–35.2 | K10: 120 dB (real) | L10: Ultra 265 / H.265 / H.264 | M10: Da / Da | N10: PoE 802.3af | O10: Verifică în fișă | P10: 449.99 | Q10: eMAG | R10: deschide | S10: 4 | T10: =P10/G10 | U10: Cea mai ieftină cameră cu zoom motorizat și WDR real găsită. Alternativă de buget la Hikvision DS-2CD2743G2-IZS.
A11: 7 | B11: Bun | C11: Dahua | D11: IPC-HDBW2441E-S-0280B | E11: Dome (IK10) | F11: 2688×1520 @30 fps | G11: 4 | H11: 1/2.9" | I11: 2.8 | J11: 102 | K11: 120 dB (real) | L11: H.265 / H.264 | M11: Da / Da | N11: PoE 802.3af | O11: Da — se dezactivează | P11: 697.61 | Q11: eMAG | R11: deschide | S11: 4 | T11: =P11/G11 | U11: WizSense seria 2, dome anti-vandal. Snapshot pe /cgi-bin/snapshot.cgi, RTSP standard.
A12: 8 | B12: Bun | C12: Reolink | D12: RLC-833A | E12: Turret (zoom optic 3×) | F12: 3840×2160 @25 fps | G12: 8 | H12: 1/2.8" | I12: 2.8–8 | J12: 94–50 | K12: HDR (de verificat în contralumină) | L12: H.265 / H.264 | M12: Da / Da | N12: PoE 802.3af | O12: Da — se dezactivează | P12: 725.33 | Q12: eMAG | R12: deschide | S12: 4 | T12: =P12/G12 | U12: 4K cu zoom optic la preț mic. Reolink e mai puțin configurabil decât Hikvision/Uniview (GOP, bitrate), dar RTSP și ONVIF merg.
A13: 9 | B13: Premium | C13: Axis | D13: M3086-V (02374-001) | E13: Mini dome interior | F13: 2688×1512 @30 fps | G13: 4 | H13: 1/2.7" RGB | I13: 2.4 | J13: 130 | K13: WDR Axis (de verificat dB) | L13: H.265 / H.264 + Zipstream | M13: Da / Da (ONVIF S, G, T) | N13: PoE 802.3af | O13: Nu | P13: 1705.16 | Q13: compari.ro (preț minim) | R13: deschide | S13: 4 | T13: =P13/G13 | U13: Producător suedez, firmware cu actualizări lungi și fără cloud — cel mai ușor de apărat în fața IT UB și a DPO. Unghi foarte larg (130°). Pe eMAG 3.684,30 lei, stoc epuizat.
A14: 10 | B14: Buget | C14: Reolink | D14: RLC-810A | E14: Bullet | F14: 3840×2160 @25 fps | G14: 8 | H14: 1/2.49" | I14: 4 | J14: 87 | K14: HDR (de verificat) | L14: H.265 / H.264 | M14: Da / Da | N14: PoE 802.3af | O14: Da — se dezactivează | P14: 503.99 | Q14: eMAG | R14: deschide | S14: 3 | T14: =P14/G14 | U14: Aceeași imagine ca RLC-820A (dome), mult mai ieftin. Bullet: se montează pe perete, nu pe tavan.
A15: 11 | B15: Buget | C15: Reolink | D15: RLC-820A | E15: Dome | F15: 3840×2160 @25 fps | G15: 8 | H15: 1/2.49" | I15: 4 | J15: 87 | K15: HDR (de verificat) | L15: H.265 / H.264 | M15: Da / Da | N15: PoE 802.3af | O15: Da — se dezactivează | P15: 1336.04 | Q15: eMAG (marketplace) | R15: deschide | S15: 3 | T15: =P15/G15 | U15: Senzor mare (1/2.49"), dar pe eMAG e scump (1.336–1.638 lei). Merită doar dacă apare sub ~600 lei.
A16: 12 | B16: Buget | C16: Reolink | D16: RLC-520A | E16: Dome | F16: 2560×1920 @30 fps | G16: 5 | H16: 1/2.7" | I16: 4 | J16: 80 | K16: Fără WDR real | L16: H.264 (H.265 — verifică firmware) | M16: Da / Da (ONVIF T) | N16: PoE 802.3af | O16: Da — se dezactivează | P16: 285.5 | Q16: eMAG | R16: deschide | S16: 3 | T16: =P16/G16 | U16: Opțiunea B din docs/23. Unghi îngust (80°) — bun dacă se montează în capătul cozii. Fără WDR real: slabă spre ferestre.
... A21: 17 | B21: Doar test | C21: TP-Link | D21: Tapo C120 | E21: Cameră Wi-Fi | F21: 2560×1440 | G21: 4 | H21: de verificat | I21: de verificat | J21: de verificat | K21: de verificat | L21: H.264 | M21: Da (cont cameră) / Da | N21: Wi-Fi 2.4 GHz + alimentator | O21: Da — se dezactivează | P21: 289.99 | Q21: eMAG | R21: deschide | S21: 1 | T21: =P21/G21 | U21: Wi-Fi-ul din cantină e slab (docs/06): nu pentru producție. Utilă o zi, pentru o probă de unghi și de model înainte de achiziție.
B23: Legendă
B24: Recomandat
B25: Bun
B26: Premium
B27: Buget
B28: Doar test
B30: „de verificat” = nu apare în sursele consultate; cere fișa tehnică vânzătorului.

Sheet Accesorii
A1: Accesorii pentru o cameră pe cablu
A2: Nu e nevoie de NVR sau card: serverul trage imaginea direct din cameră.
A4: Tip | B4: Produs | C4: Detalii | D4: Buc. în scenariu | E4: Preț (lei) | F4: Link | G4: Note
A5: Injector PoE | B5: TP-Link TL-PoE150S | C5: 802.3af, 15,4 W, gigabit | D5: 1 | E5: 100.42 | F5: deschide | G5: O cameră, un cablu, lângă o priză. Cea mai simplă variantă.
A6: Switch PoE | B6: TP-Link LS106P | C6: 6 porturi, 4 PoE+, 65 W | D6: 0 | E6: 137.38 | F6: deschide | G6: Dacă se pun două camere sau tableta chioșcului pe cablu.
A7: Switch PoE | B7: TP-Link TL-SG1005P | C7: 5 porturi gigabit, 4 PoE, 65 W | D7: 0 | E7: 247.79 | F7: deschide | G7: Varianta clasică, foarte bine evaluată (4,7/5).
A8: Cablu | B8: Lanberg CAT6 FTP 30 m (PCF6-10CC-3000-B) | C8: CAT6, ecranat, mufat | D8: 1 | E8: 60.83 | F8: deschide | G8: Verifică la cumpărare: conductor din cupru integral, nu CCA (cupru-aluminiu), pentru PoE.
A9: Cablu | B9: Spacer S/FTP CAT6 30 m | C9: CAT6, dublu ecranat | D9: 0 | E9: 61.69 | F9: deschide | G9: Alternativă, același preț.
A10: Cablu (rolă) | B10: Extralink CAT6 F/UTP 305 m | C10: Cupru AWG23, pentru montaj pe traseu | D10: 0 | E10: 999.99 | F10: deschide | G10: Doar dacă traseul trebuie tras prin pereți de un electrician (atunci și mufe RJ45 + clește).
D12: Total accesorii (scenariu) | E12: =SUMPRODUCT(D5:D10,E5:E10)
A14: Montaj: suport/doză de joncțiune de la același producător (de cotat la vânzător), diblu și șuruburi. Permisiunea de montaj: DCCAS, în scris (docs/17 B4).

Sheet Scenarii
A1: Scenarii de cost — o cameră
A2: Prețurile se iau automat din foaia „Camere”; schimbă modelul în coloana B și totalul se recalculează.
A4: Scenariu | B4: Model (din „Camere”) | C4: Cameră (lei) | D4: Accesorii (lei) | E4: Total (lei) | F4: De ce
A5: Recomandat — valoare | B5: IPC3618LE-ADF28K-G | C5: =IFERROR(VLOOKUP(B5,Camere!$D$5:$P$21,13,FALSE),"model negăsit") | D5: =Accesorii!E12 | E5: =IFERROR(C5+D5,"") | F5: 8 MP cu WDR real, cel mai mic preț pentru calitatea asta.
A6: Recomandat — Hikvision Pro | B6: DS-2CD2383G2-IU (2.8mm) | C6: =IFERROR(VLOOKUP(B6,Camere!$D$5:$P$21,13,FALSE),"model negăsit") | D6: =Accesorii!E12 | E6: =IFERROR(C6+D6,"") | F6: Cea mai documentată integrare (ISAPI + ONVIF), senzor 1/2.8".
A7: Încadrare exactă | B7: IPC3235SB-ADZK-I0 | C7: =IFERROR(VLOOKUP(B7,Camere!$D$5:$P$21,13,FALSE),"model negăsit") | D7: =Accesorii!E12 | E7: =IFERROR(C7+D7,"") | F7: Zoom motorizat și lumină slabă foarte bună.
A8: Premium, brand european | B8: M3086-V (02374-001) | C8: =IFERROR(VLOOKUP(B8,Camere!$D$5:$P$21,13,FALSE),"model negăsit") | D8: =Accesorii!E12 | E8: =IFERROR(C8+D8,"") | F8: Pentru o eventuală cerință de securitate a IT UB.
A9: Test ieftin | B9: RLC-520A | C9: =IFERROR(VLOOKUP(B9,Camere!$D$5:$P$21,13,FALSE),"model negăsit") | D9: =Accesorii!E12 | E9: =IFERROR(C9+D9,"") | F9: O cameră de probă pentru unghi și model, înainte de achiziția finală.

Sheet Flux spre server
A1: Cât trafic trimite camera spre serverul UB
A2: Estimări — modifică celulele galbene. Măsoară pe camera reală (interfața camerei arată bitrate-ul).
A4: Ore de funcționare pe săptămână | B4: 27.5 | C4: L–V 11:30–17:00 (docs/20)
A5: Săptămâni pe lună | B5: 4.33
A6: Coeficient H.265 (Mbps per MP per fps) | B6: 0.06 | C6: ~0,04 la 25 fps; mai mare la cadență mică, unde cadrele cheie cântăresc mai mult
A7: JPEG — KB per MP (calitate înaltă) | B7: 90 | C7: 4 MP ≈ 350 KB, 8 MP ≈ 700 KB
A10: Varianta 1 — flux RTSP continuu la cadență mică
A11: Rezoluție | B11: MP | C11: fps | D11: Mbps (estimat) | E11: GB / lună | F11: Observații
A12: 4 MP (2688×1520) | B12: 4 | C12: 2 | D12: =B12*C12*$B$6 | E12: =D12*3600*$B$4*$B$5/8/1000 | F12: Setează în cameră: cadență = fps, GOP = 2 × fps, bitrate variabil, calitate înaltă.
A13: 4 MP (2688×1520) | B13: 4 | C13: 5 | D13: =B13*C13*$B$6 | E13: =D13*3600*$B$4*$B$5/8/1000 | F13: Setează în cameră: cadență = fps, GOP = 2 × fps, bitrate variabil, calitate înaltă.
A14: 5 MP (2880×1620) | B14: 5 | C14: 2 | D14: =B14*C14*$B$6 | E14: =D14*3600*$B$4*$B$5/8/1000 | F14: Setează în cameră: cadență = fps, GOP = 2 × fps, bitrate variabil, calitate înaltă.
A15: 8 MP (3840×2160) | B15: 8 | C15: 1 | D15: =B15*C15*$B$6 | E15: =D15*3600*$B$4*$B$5/8/1000 | F15: Setează în cameră: cadență = fps, GOP = 2 × fps, bitrate variabil, calitate înaltă.
A16: 8 MP (3840×2160) | B16: 8 | C16: 2 | D16: =B16*C16*$B$6 | E16: =D16*3600*$B$4*$B$5/8/1000 | F16: Setează în cameră: cadență = fps, GOP = 2 × fps, bitrate variabil, calitate înaltă.
A17: 8 MP (3840×2160) | B17: 8 | C17: 5 | D17: =B17*C17*$B$6 | E17: =D17*3600*$B$4*$B$5/8/1000 | F17: Setează în cameră: cadență = fps, GOP = 2 × fps, bitrate variabil, calitate înaltă.
A19: Varianta 2 — o fotografie JPEG la câteva secunde (recomandat)
A20: Rezoluție | B20: MP | C20: Interval (s) | D20: Mbps (medie) | E20: GB / lună | F20: Observații
A21: 4 MP | B21: 4 | C21: 5 | D21: =B21*$B$7*8/1000/C21 | E21: =D21*3600*$B$4*$B$5/8/1000 | F21: Imagine completă la calitate maximă, fără artefacte de compresie video; serverul cere cadrul exact când îl procesează.
A22: 8 MP | B22: 8 | C22: 5 | D22: =B22*$B$7*8/1000/C22 | E22: =D22*3600*$B$4*$B$5/8/1000 | F22: Imagine completă la calitate maximă, fără artefacte de compresie video; serverul cere cadrul exact când îl procesează.
A23: 8 MP | B23: 8 | C23: 2 | D23: =B23*$B$7*8/1000/C23 | E23: =D23*3600*$B$4*$B$5/8/1000 | F23: Imagine completă la calitate maximă, fără artefacte de compresie video; serverul cere cadrul exact când îl procesează.
A25: Snapshot: Hikvision /ISAPI/Streaming/channels/101/picture · Dahua /cgi-bin/snapshot.cgi · Uniview și Axis prin ONVIF GetSnapshotUri · Reolink /cgi-bin/api.cgi?cmd=Snap.
A26: services/vision (bench.py watch) citește deja RTSP; varianta cu snapshot e o schimbare mică dacă aleg-o după test.
A27: Procesare pe VM (docs/23): yolo11n la 640 px ≈ 40 ms pe 2 vCPU; la 1280 px (utile pentru 8 MP) ≈ 4× mai mult, tot sub o secundă pe cadru — suficient pentru un cadru la 2–5 s.

Sheet Rețea și întrebări
A1: Ce trebuie lămurit înainte de comandă
A3: # | B3: Pentru | C3: Întrebare / pas
A4: 1 | B4: IT UB / ACC-UB | C4: Poate VM-ul UB să acceseze o cameră din rețeaua cantinei (RTSP port 554, HTTP 80)? Aceeași rețea, VLAN sau VPN? (docs/17 C5)
A5: 2 | B5: IT UB / ACC-UB | C5: Există restricții de brand pentru echipamente conectate la rețeaua UB? (unele instituții publice din UE limitează Hikvision/Dahua)
A6: 3 | B6: IT UB / ACC-UB | C6: Camera primește IP fix sau rezervare DHCP? Cine ține parola de administrare?
A7: 4 | B7: DCCAS | C7: Cumpără DCCAS camera, cu ce dată și la ce preț maxim? (docs/17 B1)
A8: 5 | B8: DCCAS | C8: Permisiune scrisă de montaj pe perete/tavan, lângă coadă (docs/17 B4). Există priză sau un port de rețea acolo?
A9: 6 | B9: Vizită în cantină | C9: Fotografie din poziția camerei, înălțimea tavanului, lungimea cozii la vârf (docs/20). Decide obiectivul: 2.8 mm fix sau zoom motorizat.
A10: 7 | B10: DPO | C10: Aprobarea DPIA înainte de pornire: microfon dezactivat, zona limitată la coadă, fără stocare de imagini (docs/11).
A11: 8 | B11: Echipa | C11: Setări la montaj: parolă nouă, firmware la zi, microfon oprit, cloud/P2P oprit, UPnP oprit, NTP pe ora României, un singur cont doar-citire pentru server.

Sheet Surse
A1: Surse
A2: Consultate pe 25.09.2026
A3: Ce | B3: Link
A4: eMAG — căutări și pagini de produs | B4: https://www.emag.ro
A5: compari.ro — Axis M3086-V | B5: https://www.compari.ro/camere-de-supraveghere-c3871/axis-communications/m3086-v-2-4mm-02374-001-p954784317/
A6: compari.ro — Hikvision DS-2CD2143G2-IU | B6: https://camera-ip.compari.ro/hikvision/ds-2cd2143g2-iu-2-8mm-p635289147/
A7: Rovision — Hikvision DS-2CD2143G2-IS | B7: https://rovision.ro/produs/camera-supraveghere-ip-acusense-4mp-ir-30m-lentila-2-8mm-card-hikvision-ds-2cd2143g2-is28/
A8: Fișă Hikvision DS-2CD2383G2-I(U) | B8: https://blvs.com/content/downloads/Datasheet-for-DS-2CD2383G2-IU.pdf
A9: Fișă Hikvision DS-2CD2743G2-IZS | B9: https://www.hikvision.com/content/dam/hikvision/products/S000000001/S000000002/S000000003/S000000025/OFR000038/M000037856/Data_Sheet/DS-2CD2743G2-IZS_Datasheet_V5.5.102_20200923.pdf
A10: Fișă Uniview IPC3618LE-ADF28(40)K-G | B10: https://global.uniview.com/fr/Products/Cameras/Easy/IPC3618LE-ADF28(40)K-G/
A11: Fișă Uniview IPC3534LB-ADZK-H | B11: https://www.uniview.com/Products/Network_Cameras/Easy_Series/EasyBasic_Series/IPC3534LB-ADZK-H/
A12: Fișă Uniview IPC3235SB-ADZK-I0 | B12: https://global.uniview.com/Products/Network_Cameras/Prime_Series/PRIMEI_Series/IPC3235SB-ADZK-I0/
A13: Fișă Dahua IPC-HDBW2441E-S | B13: https://www.dahuasecurity.com/products/network-products/network-cameras/WizSense-Series/2-Series/IR/IPC-HDBW2441E-S
A14: Fișă Dahua IPC-HDW2441T-S | B14: https://www.dahuasecurity.com/mena/products/All-Products/Network-Cameras/WizSense-2-Series/IR/IPC-HDW2441T-S
... A19: UBite docs/23 — cercetare camere, benchmark CPU | B19: docs/23-camera-research.md
